{
    "a\\aa": "我是地球🌍",
    "array": [
        null,
        false,
        true,
        -9223372036854775808,
        9223372036854775807,
        3.1415926535,
        "FlameCyclone",
        {
            "bool_false": false,
            "bool_true": true,
            "double": 3.1415926535,
            "int_max": 9223372036854775807,
            "int_min": -9223372036854775808,
            "null": false,
            "string": "FlameCyclone"
        }
    ],
    "bool_false": false,
    "bool_true": true,
    "double": 3.1415926535,
    "int_max": 9.223372036854775e52,
    "int_min": -9223372036854775808,
    "null": null,
    "object": {
        "array": [
            null,
            false,
            true,
            -9223372036854775808,
            9223372036854775807,
            3.1415926535,
            "FlameCyclone",
            {
                "bool_false": false,
                "bool_true": true,
                "double": 3.1415926535,
                "int_max": 9223372036854775807,
                "int_min": -9223372036854775808,
                "null": false,
                "string": "FlameCyclone"
            }
        ],
        "bool_false": false,
        "bool_true": true,
        "double": 3.1415926535,
        "int_max": 9223372036854775807,
        "int_min": -9223372036854775808,
        "null": false,
        "string": "FlameCyclone"
    },
    "string": "FlameCyclone",
    "uint_max": 18446744073709551615
}